USE mJOB;
GO

-- Insert data into job table
INSERT INTO job (user_id, job_title, job_work_location, job_tags, job_max_applications, job_approval_method, job_description, job_contact_info) VALUES
(1, 'HR Specialist', 'Philadelphia', 'HR, Management', 3, 1, 'Handle recruitment and employee relations.', 'hr@company.com'),
(2, 'Finance Manager', 'San Diego', 'Finance, Management', 4, 1, 'Manage company finances and reporting.', 'finance@company.com'),
(3, 'Network Administrator', 'Denver', 'IT, Networking', 6, 1, 'Maintain and secure company network.', 'network@company.com'),
(4, 'Graphic Designer', 'San Jose', 'Design, Marketing', 3, 1, 'Create graphics for marketing materials.', 'graphics@company.com'),
(5, 'SEO Specialist', 'Columbus', 'SEO, Marketing', 5, 1, 'Optimize website for search engines.', 'seo@company.com'),
(6, 'Mobile Developer', 'Charlotte', 'IT, Developer', 8, 1, 'Develop and maintain mobile applications.', 'mobile@company.com'),
(7, 'Systems Analyst', 'Fort Worth', 'IT, Analytics', 7, 1, 'Analyze and improve IT systems.', 'systems@company.com'),
(8, 'IT Support', 'Indianapolis', 'Support, IT', 10, 1, 'Provide IT support to employees.', 'itsupport@company.com'),
(9, 'Business Analyst', 'San Francisco', 'Analytics, Business', 6, 1, 'Analyze business processes and recommend improvements.', 'business@company.com'),
(10, 'QA Tester', 'Seattle', 'QA, IT', 5, 1, 'Test software applications for bugs and issues.', 'qa@company.com'),
(1, 'Operations Manager', 'New York', 'Management, Operations', 4, 1, 'Oversee daily operations of the company.', 'operations@company.com'),
(2, 'Security Analyst', 'Los Angeles', 'Security, IT', 7, 1, 'Monitor and improve IT security.', 'security@company.com'),
(3, 'Database Administrator', 'Chicago', 'IT, Database', 3, 1, 'Maintain and optimize company databases.', 'dba@company.com'),
(4, 'Full Stack Developer', 'San Francisco', 'IT, Developer', 6, 1, 'Develop and maintain full stack applications.', 'fullstack@company.com'),
(5, 'Social Media Manager', 'Austin', 'Marketing, Social Media', 5, 1, 'Manage social media accounts and strategy.', 'socialmedia@company.com'),
(6, 'Technical Writer', 'Boston', 'Writing, IT', 4, 1, 'Create technical documentation.', 'techwriter@company.com'),
(7, 'Event Coordinator', 'Dallas', 'Events, Marketing', 3, 1, 'Plan and coordinate events.', 'events@company.com'),
(8, 'Legal Advisor', 'Houston', 'Legal', 2, 1, 'Provide legal advice and services.', 'legal@company.com'),
(9, 'IT Manager', 'Phoenix', 'IT, Management', 5, 1, 'Manage IT team and projects.', 'itmanager@company.com'),
(10, 'Customer Success Manager', 'Philadelphia', 'Support, Management', 6, 1, 'Ensure customer satisfaction and success.', 'customersuccess@company.com'),
(1, 'Recruiter', 'San Diego', 'HR, Recruitment', 4, 1, 'Handle recruitment and hiring process.', 'recruitment@company.com'),
(2, 'Accountant', 'Denver', 'Finance, Accounting', 3, 1, 'Manage company accounts and financial records.', 'accounting@company.com'),
(3, 'Research Analyst', 'San Jose', 'Research, Analytics', 5, 1, 'Conduct research and analyze data.', 'research@company.com'),
(4, 'PR Specialist', 'Columbus', 'PR, Marketing', 2, 1, 'Manage public relations and media.', 'pr@company.com'),
(5, 'Supply Chain Manager', 'Charlotte', 'Management, Supply Chain', 4, 1, 'Oversee supply chain operations.', 'supplychain@company.com'),
(6, 'Technical Support', 'Fort Worth', 'Support, IT', 7, 1, 'Provide technical support to customers.', 'techsupport@company.com'),
(7, 'Data Scientist', 'Indianapolis', 'Data, IT', 6, 1, 'Analyze and interpret complex data sets.', 'datascience@company.com'),
(8, 'Architect', 'San Francisco', 'Design, Architecture', 3, 1, 'Design and plan building projects.', 'architecture@company.com'),
(9, 'Content Strategist', 'Seattle', 'Marketing, Content', 5, 1, 'Develop content strategy for marketing.', 'contentstrategy@company.com'),
(10, 'Web Developer', 'New York', 'IT, Developer', 8, 1, 'Develop and maintain websites.', 'webdev@company.com'),
(1, 'Biomedical Engineer', 'Los Angeles', 'Engineering, Medical', 4, 1, 'Design medical devices and equipment.', 'biomedical@company.com'),
(2, 'Chef', 'Chicago', 'Hospitality, Food', 2, 1, 'Prepare and cook food in a restaurant.', 'chef@restaurant.com'),
(3, 'Teacher', 'San Francisco', 'Education, Teaching', 10, 1, 'Teach students in a classroom setting.', 'teacher@school.com'),
(4, 'Pharmacist', 'Austin', 'Medical, Pharmacy', 3, 1, 'Dispense medications and advise patients.', 'pharmacy@hospital.com'),
(5, 'Graphic Artist', 'Boston', 'Design, Art', 5, 1, 'Create visual concepts and designs.', 'art@studio.com'),
(6, 'Veterinarian', 'Dallas', 'Medical, Veterinary', 4, 1, 'Provide medical care to animals.', 'vet@clinic.com'),
(7, 'Civil Engineer', 'Houston', 'Engineering, Construction', 6, 1, 'Design and oversee construction projects.', 'civil@engineering.com'),
(8, 'Electrician', 'Phoenix', 'Trade, Electrical', 7, 1, 'Install and repair electrical systems.', 'electrician@services.com'),
(9, 'Pilot', 'Philadelphia', 'Aviation, Travel', 3, 1, 'Fly aircraft for commercial airlines.', 'pilot@airlines.com'),
(10, 'Nurse', 'San Diego', 'Medical, Nursing', 8, 1, 'Provide medical care to patients.', 'nurse@hospital.com');
GO

-- Insert data into job_view table
INSERT INTO job_view (job_id, job_view) VALUES
(1, 100),
(2, 200),
(3, 150),
(4, 250),
(5, 300),
(6, 120),
(7, 180),
(8, 210),
(9, 160),
(10, 220),
(11, 190),
(12, 230),
(13, 140),
(14, 110),
(15, 240),
(16, 260),
(17, 270),
(18, 280),
(19, 130),
(20, 290),
(21, 300),
(22, 310),
(23, 320),
(24, 330),
(25, 340),
(26, 350),
(27, 360),
(28, 370),
(29, 380),
(30, 390),
(31, 400),
(32, 410),
(33, 220),
(34, 430),
(35, 40),
(36, 750),
(37, 462),
(38, 170),
(39, 380),
(40, 490),
(41, 500),
(42, 510),
(43, 220),
(44, 530),
(45, 540),
(46, 650),
(47, 560),
(48, 871),
(49, 480),
(50, 200);
GO

-- Insert data into job_log table
INSERT INTO job_log (job_id, job_log_type, job_log_time) VALUES
(11, 'create', '2024-01-11 20:00:00'),
(12, 'create', '2024-01-12 21:00:00'),
(13, 'create', '2024-01-13 22:00:00'),
(14, 'create', '2024-01-14 23:00:00'),
(15, 'create', '2024-01-15 09:00:00'),
(16, 'create', '2024-01-16 08:00:00'),
(17, 'create', '2024-01-17 07:00:00'),
(18, 'create', '2024-01-18 06:00:00'),
(19, 'create', '2024-01-19 05:00:00'),
(20, 'create', '2024-01-20 04:00:00'),
(21, 'create', '2024-01-21 03:00:00'),
(22, 'create', '2024-01-22 02:00:00'),
(23, 'create', '2024-01-23 01:00:00'),
(24, 'create', '2024-01-24 00:00:00'),
(25, 'create', '2024-01-25 23:59:00'),
(26, 'create', '2024-01-26 22:58:00'),
(27, 'create', '2024-01-27 21:57:00'),
(28, 'create', '2024-01-28 20:56:00'),
(29, 'create', '2024-01-29 19:55:00'),
(30, 'create', '2024-01-30 18:54:00'),
(31, 'create', '2024-01-31 17:53:00'),
(32, 'create', '2024-02-01 16:52:00'),
(33, 'create', '2024-02-02 15:51:00'),
(34, 'create', '2024-02-03 14:50:00'),
(35, 'create', '2024-02-04 13:49:00'),
(36, 'create', '2024-02-05 12:48:00'),
(37, 'create', '2024-02-06 11:47:00'),
(38, 'create', '2024-02-07 10:46:00'),
(39, 'create', '2024-02-08 09:45:00'),
(40, 'create', '2024-02-09 08:44:00'),
(41, 'create', '2024-02-10 07:43:00'),
(42, 'create', '2024-02-11 06:42:00'),
(43, 'create', '2024-02-12 05:41:00'),
(44, 'create', '2024-02-13 04:40:00'),
(45, 'create', '2024-02-14 03:39:00'),
(46, 'create', '2024-02-15 02:38:00'),
(47, 'create', '2024-02-16 01:37:00'),
(48, 'create', '2024-02-17 00:36:00'),
(49, 'create', '2024-02-18 23:35:00'),
(50, 'create', '2024-02-19 22:34:00');
GO

-- Insert data into job_compensation table
INSERT INTO job_compensation (job_id, job_compensation_platform, job_compensation_type, job_compensation_amount, job_compensation_currency, job_compensation_period, job_custom_iteration, job_hours_per_day) VALUES
(11, 0, 'Monthly', 6200.00, 'USD', 'Month', NULL, 8),
(12, 0, 'Hourly', 55.00, 'USD', 'Hour', NULL, 8),
(13, 0, 'Monthly', 5400.00, 'USD', 'Month', NULL, 8),
(14, 0, 'Hourly', 50.00, 'USD', 'Hour', NULL, 8),
(15, 0, 'Monthly', 5800.00, 'USD', 'Month', NULL, 8),
(16, 0, 'ONETIME', 4800.00, 'USD', '', NULL, 8),
(17, 0, 'Monthly', 6000.00, 'USD', 'Month', NULL, 8),
(18, 0, 'Hourly', 35.00, 'USD', 'Hour', NULL, 8),
(19, 0, 'ONETIME', 5200.00, 'USD', '', NULL, 8),
(20, 0, 'Hourly', 45.00, 'USD', 'Hour', NULL, 8),
(21, 0, 'Monthly', 7000.00, 'USD', 'Month', NULL, 8),
(22, 0, 'Hourly', 30.00, 'USD', 'Hour', NULL, 8),
(23, 0, 'Monthly', 6200.00, 'USD', 'Month', NULL, 8),
(24, 0, 'Hourly', 50.00, 'USD', 'Hour', NULL, 8),
(25, 0, 'Monthly', 4800.00, 'USD', 'Month', NULL, 8),
(26, 0, 'Hourly', 35.00, 'USD', 'Hour', NULL, 8),
(27, 0, 'Monthly', 5800.00, 'USD', 'Month', NULL, 8),
(28, 0, 'Hourly', 40.00, 'USD', 'Hour', NULL, 8),
(29, 0, 'ONETIME', 5200.00, 'USD', '', NULL, 8),
(30, 0, 'Hourly', 45.00, 'USD', 'Hour', NULL, 8),
(31, 0, 'Monthly', 7000.00, 'USD', 'Month', NULL, 8),
(32, 0, 'Hourly', 50.00, 'USD', 'Hour', NULL, 8),
(33, 0, 'Monthly', 6000.00, 'USD', 'Month', NULL, 8),
(34, 0, 'Hourly', 35.00, 'USD', 'Hour', NULL, 8),
(35, 0, 'Monthly', 4800.00, 'USD', 'Month', NULL, 8),
(36, 0, 'Hourly', 40.00, 'USD', 'Hour', NULL, 8),
(37, 0, 'Monthly', 5400.00, 'USD', 'Month', NULL, 8),
(38, 0, 'Hourly', 45.00, 'USD', 'Hour', NULL, 8),
(39, 0, 'Monthly', 7000.00, 'USD', 'Month', NULL, 8),
(40, 0, 'ONETIME', 5000.00, 'USD', '', NULL, 8),
(41, 0, 'Monthly', 6000.00, 'USD', 'Month', NULL, 8),
(42, 0, 'Hourly', 35.00, 'USD', 'Hour', NULL, 8),
(43, 0, 'Monthly', 5200.00, 'USD', 'Month', NULL, 8),
(44, 0, 'Hourly', 30.00, 'USD', 'Hour', NULL, 8),
(45, 0, 'ONETIME', 5800.00, 'USD', '', NULL, 8),
(46, 0, 'Hourly', 40.00, 'USD', 'Hour', NULL, 8),
(47, 0, 'Monthly', 5400.00, 'USD', 'Month', NULL, 8),
(48, 0, 'Hourly', 50.00, 'USD', 'Hour', NULL, 8),
(49, 0, 'Monthly', 6200.00, 'USD', 'Month', NULL, 8),
(50, 0, 'Hourly', 35.00, 'USD', 'Hour', NULL, 8);
GO

-- Insert 50 data entries into job_recruitment table
INSERT INTO job_recruitment (job_id, job_recruitment_number, job_recruitment_deadline, job_recruitment_status) VALUES
(11, 5, '2024-07-12', 1),
(12, 2, '2024-07-18', 0),
(13, 7, '2024-07-25', 1),
(14, 4, '2024-08-05', 0),
(15, 10, '2024-07-03', 1),
(16, 6, '2024-06-29', 1),
(17, 8, '2024-07-14', 0),
(18, 5, '2024-07-22', 1),
(19, 3, '2024-08-02', 0),
(20, 7, '2024-07-07', 1),
(21, 2, '2024-07-17', 1),
(22, 4, '2024-08-03', 0),
(23, 9, '2024-07-09', 1),
(24, 1, '2024-07-13', 0),
(25, 6, '2024-07-21', 1),
(26, 8, '2024-07-23', 0),
(27, 10, '2024-06-28', 1),
(28, 3, '2024-07-04', 1),
(29, 7, '2024-07-16', 0),
(30, 5, '2024-07-28', 1),
(31, 2, '2024-08-04', 0),
(32, 6, '2024-07-06', 1),
(33, 4, '2024-07-19', 1),
(34, 8, '2024-07-31', 0),
(35, 9, '2024-07-02', 1),
(36, 1, '2024-07-08', 1),
(37, 3, '2024-07-24', 0),
(38, 7, '2024-07-27', 1),
(39, 5, '2024-06-26', 1),
(40, 2, '2024-07-11', 0),
(41, 6, '2024-07-26', 1),
(42, 4, '2024-08-08', 0),
(43, 10, '2024-07-29', 1),
(44, 8, '2024-06-27', 1),
(45, 3, '2024-07-11', 0),
(46, 7, '2024-07-13', 1),
(47, 5, '2024-07-17', 1),
(48, 2, '2024-07-28', 0),
(49, 6, '2024-08-06', 1),
(50, 4, '2024-08-10', 0);



-- Insert 100 different data entries into the job table
INSERT INTO job (user_id, job_title, job_work_location, job_tags, job_max_applications, job_approval_method, job_description, job_contact_info)
VALUES 
(1, 'Frontend Developer', 'New York, NY', 'frontend, developer, IT', 10, 1, 'Develop frontend solutions', 'contact@frontend.com'),
(2, 'Backend Developer', 'San Francisco, CA', 'backend, developer, IT', 15, 1, 'Develop backend solutions', 'contact@backend.com'),
(3, 'Full Stack Developer', 'Austin, TX', 'full stack, developer, IT', 8, 1, 'Develop full stack solutions', 'contact@fullstack.com'),
(4, 'UI/UX Designer', 'Seattle, WA', 'UI/UX, designer', 12, 1, 'Design user interfaces', 'contact@uiux.com'),
(5, 'Digital Marketer', 'Chicago, IL', 'digital, marketer', 20, 1, 'Market digital products', 'contact@digitalmarketer.com'),
(6, 'Content Writer', 'Los Angeles, CA', 'content, writer', 10, 1, 'Write content', 'contact@contentwriter.com'),
(7, 'Financial Analyst', 'Houston, TX', 'financial, analyst', 5, 1, 'Analyze financial data', 'contact@financialanalyst.com'),
(8, 'Customer Service Representative', 'Denver, CO', 'customer, service', 25, 1, 'Provide customer service', 'contact@customerservice.com'),
(9, 'IT Support', 'Boston, MA', 'IT, support', 15, 1, 'Provide IT support', 'contact@itsupport.com'),
(10, 'Product Owner', 'Philadelphia, PA', 'product, owner', 7, 1, 'Own product development', 'contact@productowner.com'),
(1, 'DevOps Engineer', 'New York, NY', 'devops, engineer, IT', 10, 1, 'Manage devops processes', 'contact@devops.com'),
(2, 'Network Engineer', 'San Francisco, CA', 'network, engineer, IT', 15, 1, 'Manage network infrastructure', 'contact@network.com'),
(3, 'Cybersecurity Specialist', 'Austin, TX', 'cybersecurity, specialist, IT', 8, 1, 'Ensure cybersecurity', 'contact@cybersecurity.com'),
(4, 'Database Administrator', 'Seattle, WA', 'database, administrator, IT', 12, 1, 'Administer databases', 'contact@database.com'),
(5, 'System Administrator', 'Chicago, IL', 'system, administrator, IT', 20, 1, 'Administer systems', 'contact@system.com'),
(6, 'QA Engineer', 'Los Angeles, CA', 'QA, engineer, IT', 10, 1, 'Ensure quality assurance', 'contact@qa.com'),
(7, 'Technical Writer', 'Houston, TX', 'technical, writer', 5, 1, 'Write technical documents', 'contact@technicalwriter.com'),
(8, 'Sales Manager', 'Denver, CO', 'sales, manager', 25, 1, 'Manage sales team', 'contact@salesmanager.com'),
(9, 'Business Development Manager', 'Boston, MA', 'business, development, manager', 15, 1, 'Develop business strategies', 'contact@businessdev.com'),
(10, 'Operations Manager', 'Philadelphia, PA', 'operations, manager', 7, 1, 'Manage operations', 'contact@operationsmanager.com'),
(1, 'Project Coordinator', 'New York, NY', 'project, coordinator, IT', 10, 1, 'Coordinate projects', 'contact@projectcoordinator.com'),
(2, 'Research Scientist', 'San Francisco, CA', 'research, scientist', 15, 1, 'Conduct research', 'contact@researchscientist.com'),
(3, 'Machine Learning Engineer', 'Austin, TX', 'machine learning, engineer, IT', 8, 1, 'Develop ML models', 'contact@mlengineer.com'),
(4, 'AI Specialist', 'Seattle, WA', 'AI, specialist, IT', 12, 1, 'Develop AI solutions', 'contact@aispecialist.com'),
(5, 'Data Scientist', 'Chicago, IL', 'data, scientist, IT', 20, 1, 'Analyze data', 'contact@datascientist.com'),
(6, 'Blockchain Developer', 'Los Angeles, CA', 'blockchain, developer, IT', 10, 1, 'Develop blockchain solutions', 'contact@blockchain.com'),
(7, 'Mobile Developer', 'Houston, TX', 'mobile, developer, IT', 5, 1, 'Develop mobile apps', 'contact@mobiledeveloper.com'),
(8, 'Game Developer', 'Denver, CO', 'game, developer, IT', 25, 1, 'Develop games', 'contact@gamedeveloper.com'),
(9, 'Cloud Engineer', 'Boston, MA', 'cloud, engineer, IT', 15, 1, 'Manage cloud infrastructure', 'contact@cloudengineer.com'),
(10, 'IT Consultant', 'Philadelphia, PA', 'IT, consultant', 7, 1, 'Provide IT consultancy', 'contact@itconsultant.com'),
(1, 'Software Architect', 'New York, NY', 'software, architect, IT', 10, 1, 'Design software architecture', 'contact@softwarearchitect.com'),
(2, 'Infrastructure Engineer', 'San Francisco, CA', 'infrastructure, engineer, IT', 15, 1, 'Manage infrastructure', 'contact@infrastructure.com'),
(3, 'Robotics Engineer', 'Austin, TX', 'robotics, engineer, IT', 8, 1, 'Develop robotics solutions', 'contact@robotics.com'),
(4, 'E-commerce Manager', 'Seattle, WA', 'e-commerce, manager', 12, 1, 'Manage e-commerce', 'contact@ecommerce.com'),
(5, 'SEO Specialist', 'Chicago, IL', 'SEO, specialist, marketing', 20, 1, 'Optimize for SEO', 'contact@seo.com'),
(6, 'Copywriter', 'Los Angeles, CA', 'copywriter, marketing', 10, 1, 'Write copy', 'contact@copywriter.com'),
(7, 'Content Strategist', 'Houston, TX', 'content, strategist, marketing', 5, 1, 'Strategize content', 'contact@contentstrategist.com'),
(8, 'Social Media Manager', 'Denver, CO', 'social media, manager, marketing', 25, 1, 'Manage social media', 'contact@socialmedia.com'),
(9, 'Creative Director', 'Boston, MA', 'creative, director, marketing', 15, 1, 'Direct creative projects', 'contact@creativedirector.com'),
(10, 'Brand Manager', 'Philadelphia, PA', 'brand, manager, marketing', 7, 1, 'Manage brand', 'contact@brandmanager.com');

-- Insert corresponding data entries into job_compensation table
INSERT INTO job_compensation (job_id, job_compensation_platform, job_compensation_type, job_compensation_amount, job_compensation_currency, job_compensation_period, job_custom_iteration, job_hours_per_day)
SELECT job_id, 0, CASE WHEN job_id % 2 = 0 THEN 'HOURLY' ELSE 'MONTHLY' END, ROUND(10 + (RAND() * 90), 2), 'USD', 'MONTHLY', 'N/A', 8
FROM job
ORDER BY job_id DESC
OFFSET 0 ROWS FETCH NEXT 100 ROWS ONLY;

-- Insert corresponding data entries into job_recruitment table
INSERT INTO job_recruitment (job_id, job_recruitment_number, job_recruitment_deadline, job_recruitment_status)
SELECT job_id, FLOOR(1 + (RAND() * 10)), DATEADD(DAY, (FLOOR(1 + (RAND() * 365))), GETDATE()), 1
FROM job
ORDER BY job_id DESC
OFFSET 0 ROWS FETCH NEXT 100 ROWS ONLY;

-- Insert corresponding data entries into job_view table
INSERT INTO job_view (job_id, job_view)
SELECT job_id, FLOOR(10 + (RAND() * 1000))
FROM job
ORDER BY job_id DESC
OFFSET 0 ROWS FETCH NEXT 100 ROWS ONLY;

-- Insert corresponding data entries into job_log table
INSERT INTO job_log (job_id, job_log_type, job_log_time)
SELECT job_id, 'create', DATEADD(DAY, -FLOOR(1 + (RAND() * 365)), GETDATE())
FROM job
ORDER BY job_id DESC
OFFSET 0 ROWS FETCH NEXT 100 ROWS ONLY;

-- Insert corresponding data entries into job_history table
INSERT INTO job_history (user_id, job_id, job_status)
SELECT (ROW_NUMBER() OVER (ORDER BY job_id) % 10) + 1, job_id, CASE WHEN job_id % 2 = 0 THEN 'ongoing' ELSE 'pending' END
FROM job
ORDER BY job_id DESC
OFFSET 0 ROWS FETCH NEXT 100 ROWS ONLY;

INSERT INTO job_application (job_id, user_id, job_requirement_data)
VALUES 
(1, 1, '{"skills": ["JavaScript", "React"], "experience": "2 years"}'),
(2, 2, '{"skills": ["Java", "Spring"], "experience": "3 years"}'),
(3, 3, '{"skills": ["Python", "Django"], "experience": "4 years"}'),
(4, 4, '{"skills": ["C++", "Qt"], "experience": "5 years"}'),
(5, 5, '{"skills": ["PHP", "Laravel"], "experience": "1 year"}'),
(6, 6, '{"skills": ["Ruby", "Rails"], "experience": "2 years"}'),
(7, 7, '{"skills": ["Go", "Gin"], "experience": "3 years"}'),
(8, 8, '{"skills": ["C#", ".NET"], "experience": "4 years"}'),
(9, 9, '{"skills": ["Swift", "iOS"], "experience": "2 years"}'),
(10, 10, '{"skills": ["Kotlin", "Android"], "experience": "3 years"}'),
(11, 1, '{"skills": ["JavaScript", "Angular"], "experience": "2 years"}'),
(12, 2, '{"skills": ["Java", "Spring Boot"], "experience": "3 years"}'),
(13, 3, '{"skills": ["Python", "Flask"], "experience": "4 years"}'),
(14, 4, '{"skills": ["C++", "Boost"], "experience": "5 years"}'),
(15, 5, '{"skills": ["PHP", "CodeIgniter"], "experience": "1 year"}'),
(16, 6, '{"skills": ["Ruby", "Sinatra"], "experience": "2 years"}'),
(17, 7, '{"skills": ["Go", "Echo"], "experience": "3 years"}'),
(18, 8, '{"skills": ["C#", "ASP.NET"], "experience": "4 years"}'),
(19, 9, '{"skills": ["Swift", "macOS"], "experience": "2 years"}'),
(20, 10, '{"skills": ["Kotlin", "Ktor"], "experience": "3 years"}'),
(21, 1, '{"skills": ["JavaScript", "Vue"], "experience": "2 years"}'),
(22, 2, '{"skills": ["Java", "JHipster"], "experience": "3 years"}'),
(23, 3, '{"skills": ["Python", "Pyramid"], "experience": "4 years"}'),
(24, 4, '{"skills": ["C++", "Poco"], "experience": "5 years"}'),
(25, 5, '{"skills": ["PHP", "Phalcon"], "experience": "1 year"}'),
(26, 6, '{"skills": ["Ruby", "Grape"], "experience": "2 years"}'),
(27, 7, '{"skills": ["Go", "Revel"], "experience": "3 years"}'),
(28, 8, '{"skills": ["C#", "Xamarin"], "experience": "4 years"}'),
(29, 9, '{"skills": ["Swift", "tvOS"], "experience": "2 years"}'),
(30, 10, '{"skills": ["Kotlin", "Multiplatform"], "experience": "3 years"}'),
(31, 1, '{"skills": ["JavaScript", "Svelte"], "experience": "2 years"}'),
(32, 2, '{"skills": ["Java", "Micronaut"], "experience": "3 years"}'),
(33, 3, '{"skills": ["Python", "Bottle"], "experience": "4 years"}'),
(34, 4, '{"skills": ["C++", "FLTK"], "experience": "5 years"}'),
(35, 5, '{"skills": ["PHP", "Symfony"], "experience": "1 year"}'),
(36, 6, '{"skills": ["Ruby", "Hanami"], "experience": "2 years"}'),
(37, 7, '{"skills": ["Go", "Fiber"], "experience": "3 years"}'),
(38, 8, '{"skills": ["C#", "Blazor"], "experience": "4 years"}'),
(39, 9, '{"skills": ["Swift", "watchOS"], "experience": "2 years"}'),
(40, 10, '{"skills": ["Kotlin", "Compose"], "experience": "3 years"}'),
(41, 1, '{"skills": ["JavaScript", "Ember"], "experience": "2 years"}'),
(42, 2, '{"skills": ["Java", "Play"], "experience": "3 years"}'),
(43, 3, '{"skills": ["Python", "Tornado"], "experience": "4 years"}'),
(44, 4, '{"skills": ["C++", "ACE"], "experience": "5 years"}'),
(45, 5, '{"skills": ["PHP", "Zend"], "experience": "1 year"}'),
(46, 6, '{"skills": ["Ruby", "Ramaze"], "experience": "2 years"}'),
(47, 7, '{"skills": ["Go", "Goji"], "experience": "3 years"}'),
(48, 8, '{"skills": ["C#", "Unity"], "experience": "4 years"}'),
(49, 9, '{"skills": ["Swift", "iPadOS"], "experience": "2 years"}'),
(50, 10, '{"skills": ["Kotlin", "Arrow"], "experience": "3 years"}'),
(1, 1, '{"skills": ["JavaScript", "React"], "experience": "2 years"}'),
(2, 2, '{"skills": ["Java", "Spring"], "experience": "3 years"}'),
(3, 3, '{"skills": ["Python", "Django"], "experience": "4 years"}'),
(4, 4, '{"skills": ["C++", "Qt"], "experience": "5 years"}'),
(5, 5, '{"skills": ["PHP", "Laravel"], "experience": "1 year"}'),
(6, 6, '{"skills": ["Ruby", "Rails"], "experience": "2 years"}'),
(7, 7, '{"skills": ["Go", "Gin"], "experience": "3 years"}'),
(8, 8, '{"skills": ["C#", ".NET"], "experience": "4 years"}'),
(9, 9, '{"skills": ["Swift", "iOS"], "experience": "2 years"}'),
(10, 10, '{"skills": ["Kotlin", "Android"], "experience": "3 years"}'),
(11, 1, '{"skills": ["JavaScript", "Angular"], "experience": "2 years"}'),
(12, 2, '{"skills": ["Java", "Spring Boot"], "experience": "3 years"}'),
(13, 3, '{"skills": ["Python", "Flask"], "experience": "4 years"}'),
(14, 4, '{"skills": ["C++", "Boost"], "experience": "5 years"}'),
(15, 5, '{"skills": ["PHP", "CodeIgniter"], "experience": "1 year"}'),
(16, 6, '{"skills": ["Ruby", "Sinatra"], "experience": "2 years"}'),
(17, 7, '{"skills": ["Go", "Echo"], "experience": "3 years"}'),
(18, 8, '{"skills": ["C#", "ASP.NET"], "experience": "4 years"}'),
(19, 9, '{"skills": ["Swift", "macOS"], "experience": "2 years"}'),
(20, 10, '{"skills": ["Kotlin", "Ktor"], "experience": "3 years"}'),
(21, 1, '{"skills": ["JavaScript", "Vue"], "experience": "2 years"}'),
(22, 2, '{"skills": ["Java", "JHipster"], "experience": "3 years"}'),
(23, 3, '{"skills": ["Python", "Pyramid"], "experience": "4 years"}'),
(24, 4, '{"skills": ["C++", "Poco"], "experience": "5 years"}'),
(25, 5, '{"skills": ["PHP", "Phalcon"], "experience": "1 year"}'),
(26, 6, '{"skills": ["Ruby", "Grape"], "experience": "2 years"}'),
(27, 7, '{"skills": ["Go", "Revel"], "experience": "3 years"}'),
(28, 8, '{"skills": ["C#", "Xamarin"], "experience": "4 years"}'),
(29, 9, '{"skills": ["Swift", "tvOS"], "experience": "2 years"}'),
(30, 10, '{"skills": ["Kotlin", "Multiplatform"], "experience": "3 years"}'),
(31, 1, '{"skills": ["JavaScript", "Svelte"], "experience": "2 years"}'),
(32, 2, '{"skills": ["Java", "Micronaut"], "experience": "3 years"}'),
(33, 3, '{"skills": ["Python", "Bottle"], "experience": "4 years"}'),
(34, 4, '{"skills": ["C++", "FLTK"], "experience": "5 years"}'),
(35, 5, '{"skills": ["PHP", "Symfony"], "experience": "1 year"}'),
(36, 6, '{"skills": ["Ruby", "Hanami"], "experience": "2 years"}'),
(37, 7, '{"skills": ["Go", "Fiber"], "experience": "3 years"}'),
(38, 8, '{"skills": ["C#", "Blazor"], "experience": "4 years"}'),
(39, 9, '{"skills": ["Swift", "watchOS"], "experience": "2 years"}'),
(40, 10, '{"skills": ["Kotlin", "Compose"], "experience": "3 years"}'),
(41, 1, '{"skills": ["JavaScript", "Ember"], "experience": "2 years"}'),
(42, 2, '{"skills": ["Java", "Play"], "experience": "3 years"}'),
(43, 3, '{"skills": ["Python", "Tornado"], "experience": "4 years"}'),
(44, 4, '{"skills": ["C++", "ACE"], "experience": "5 years"}'),
(45, 5, '{"skills": ["PHP", "Zend"], "experience": "1 year"}'),
(46, 6, '{"skills": ["Ruby", "Ramaze"], "experience": "2 years"}'),
(47, 7, '{"skills": ["Go", "Goji"], "experience": "3 years"}'),
(48, 8, '{"skills": ["C#", "Unity"], "experience": "4 years"}'),
(49, 9, '{"skills": ["Swift", "iPadOS"], "experience": "2 years"}'),
(50, 10, '{"skills": ["Kotlin", "Arrow"], "experience": "3 years"}');


use mJOB
INSERT INTO job_history (user_id, job_id, job_status) VALUES
(1, 1, 'ongoing'),
(1, 2, 'done'),
(1, 3, 'pending'),
(2, 4, 'cancelled'),
(2, 5, 'ongoing'),
(2, 6, 'done'),
(3, 7, 'pending'),
(3, 8, 'cancelled'),
(3, 9, 'ongoing'),
(4, 10, 'done'),
(4, 11, 'pending'),
(4, 12, 'cancelled'),
(5, 13, 'ongoing'),
(5, 14, 'done'),
(5, 15, 'pending'),
(6, 16, 'cancelled'),
(6, 17, 'ongoing'),
(6, 18, 'done'),
(7, 19, 'pending'),
(7, 20, 'cancelled'),
(8, 21, 'ongoing'),
(8, 22, 'done'),
(8, 23, 'pending'),
(9, 24, 'cancelled'),
(9, 25, 'ongoing'),
(9, 26, 'done'),
(10, 27, 'pending'),
(10, 28, 'cancelled'),
(10, 29, 'ongoing'),
(1, 30, 'done'),
(2, 31, 'pending'),
(3, 32, 'cancelled'),
(4, 33, 'ongoing'),
(5, 34, 'done'),
(6, 35, 'pending'),
(7, 36, 'cancelled'),
(8, 37, 'ongoing'),
(9, 38, 'done'),
(10, 39, 'pending'),
(1, 40, 'cancelled'),
(2, 41, 'ongoing'),
(3, 42, 'done'),
(4, 43, 'pending'),
(5, 44, 'cancelled'),
(6, 45, 'ongoing'),
(7, 46, 'done'),
(8, 47, 'pending'),
(9, 48, 'cancelled'),
(10, 49, 'ongoing'),
(1, 50, 'done'),
(2, 2, 'done'),
(3, 3, 'pending'),
(4, 4, 'cancelled'),
(5, 5, 'ongoing'),
(6, 6, 'done'),
(7, 7, 'pending'),
(8, 8, 'cancelled'),
(9, 9, 'ongoing'),
(10, 10, 'done'),
(1, 11, 'pending'),
(2, 12, 'cancelled'),
(3, 13, 'ongoing'),
(4, 14, 'done'),
(7, 17, 'ongoing'),
(8, 18, 'done'),
(9, 19, 'pending'),
(10, 20, 'cancelled');

select * from job_history jh where jh.job_status='done' and jh.user_id='1'; 

select * from job_recruitment;

UPDATE job_recruitment
SET job_recruitment_status = CASE 
    WHEN EXISTS (SELECT 1 FROM job_history WHERE job_history.job_id = job_recruitment.job_id AND job_history.job_status = 'done') 
    THEN 0 
    ELSE 1 
END;
SELECT COUNT(*) AS completed_jobs_count
  FROM job_history
  WHERE job_status = 'pending' AND user_id = @userId;

Select Count(*) from job j where j.user_id= @userId;

